<?xml version="1.0" encoding="UTF-8"?>
<beans xmlns="http://www.springframework.org/schema/beans"
	xmlns:xsi="http://www.w3.org/2001/XMLSchema-instance" xmlns:tx="http://www.springframework.org/schema/tx"
	xsi:schemaLocation="http://www.springframework.org/schema/beans http://www.springframework.org/schema/beans/spring-beans.xsd
		http://www.springframework.org/schema/tx http://www.springframework.org/schema/tx/spring-tx-4.3.xsd">

	<bean id="propertyPlaceholderConfigurer" class="org.springframework.beans.factory.config.PreferencesPlaceholderConfigurer">
		<property name="location" value="classpath:/mybatis/db.properties"></property>
	</bean>

	<bean id="dataSource" class="org.apache.commons.dbcp2.BasicDataSource">
		<property name="username" value="${jdbc.user}"></property>
		<property name="password" value="${jdbc.pw}"></property>
		<property name="url" value="${jdbc.url}"></property>
		<property name="driverClassName" value="${jdbc.driver}"></property>
	</bean>

	<bean id="sqlSessionFactoryBean" class="org.mybatis.spring.SqlSessionFactoryBean">
		<property name="dataSource" ref="dataSource"></property>
		<property name="mapperLocations" value="classpath:/mappers/**/*Mapper.xml"></property>
		<property name="configLocation" value="classpath:/mybatis/mybatis-config.xml"></property>
	</bean>

	<bean id="sqlSession" class="org.mybatis.spring.SqlSessionTemplate">
		<constructor-arg name="sqlSessionFactory" ref="sqlSessionFactoryBean"></constructor-arg>
	</bean>

	
	<bean id="transactionManager" class="org.springframework.jdbc.datasource.DataSourceTransactionManager">
		<property name="dataSource" ref="dataSource"></property>
	</bean>


	<tx:annotation-driven proxy-target-class="true" />

</beans>
