<?xml version="1.0" encoding="UTF-8"?>
<beans xmlns="http://www.springframework.org/schema/beans"
	xmlns:xsi="http://www.w3.org/2001/XMLSchema-instance" xmlns:context="http://www.springframework.org/schema/context"
	xsi:schemaLocation="http://www.springframework.org/schema/beans http://www.springframework.org/schema/beans/spring-beans.xsd
		http://www.springframework.org/schema/context http://www.springframework.org/schema/context/spring-context-4.3.xsd">

	
	
	<!-- Root Context: defines shared resources visible to all other web components -->
	<bean class="org.springframework.web.multipart.commons.CommonsMultipartResolver" id="multipartResolver">
		<property name="maxUploadSize" value="20971520"></property>
		<property name="defaultEncoding" value="UTF-8"></property>
	</bean>
	
	<context:component-scan base-package="com.hi.project.pmf"></context:component-scan>
	<context:component-scan base-package="com.hi.project.pmfReply"></context:component-scan>
	<context:component-scan base-package="com.hi.project.pmfScrap"></context:component-scan>
	<context:component-scan base-package="com.hi.project.pmfFile"></context:component-scan>
	<context:component-scan base-package="com.hi.project.util"></context:component-scan>


		<context:component-scan base-package="com.hi.trade" use-default-filters="true">
			<context:exclude-filter type="annotation" expression="org.springframework.stereotype.Controller"/>
		</context:component-scan>
		
		<context:component-scan base-package="com.hi.boardFile" use-default-filters="true">
			<context:exclude-filter type="annotation" expression="org.springframework.stereotype.Controller"/>
		</context:component-scan>
		
		<context:component-scan base-package="com.hi.tradeTag" use-default-filters="true">
			<context:exclude-filter type="annotation" expression="org.springframework.stereotype.Controller"/>
		</context:component-scan>
		
		<context:component-scan base-package="com.hi.saveboard" use-default-filters="true">
			<context:exclude-filter type="annotation" expression="org.springframework.stereotype.Controller"/>
		</context:component-scan>



</beans>
