<?xml version="1.0" encoding="UTF-8"?>
<!DOCTYPE mapper
  PUBLIC "-//mybatis.org//DTD Mapper 3.0//EN"
  "http://mybatis.org/dtd/mybatis-3-mapper.dtd">
  <mapper namespace="pmfMapper">
  	<sql id="search">
  		like '%'||#{search}||'%'
  	</sql>
  	
  	<resultMap type="PmfBoardDTO" id="viewResult">
  		<id property="num" column="num"/>
  		<collection property="fileDTO" column="num" ofType="com.hi.project.pmfFile.PmfFileDTO" select="selectFile">
  			<id property="fnum" column="fnum"/>
  		</collection>
  	</resultMap>
  	
  	<select id="selectList" parameterType="RowNum" resultType="PmfBoardDTO">
  		select * from
  		(select rownum r, N.* from
  		(select * from pmf_board where temp=0
  		<if test="kind == '전체'">
  			and (title
  			<include refid="search"></include>
  			or major_key  
  			<include refid="search"></include>
  			or sub_key
  			<include refid="search"></include>
  			or works
  			<include refid="search"></include>
  			or project_name
  			<include refid="search"></include>
  			or project_detail
  			<include refid="search"></include>
  			or firm_info
  			<include refid="search"></include>
  			)
  		</if>
  		<if test="kind == '제목'">
  			and title
  			<include refid="search"></include>
  		</if>
  		<if test="kind == '프로젝트 분야'">
  			and major_key 
  			<include refid="search"></include> 
  			or sub_key
  			<include refid="search"></include>
  		</if>
  		order by num desc) N)
  		where r between #{startRow} and #{lastRow}
  	</select>
  	
  	<!-- view에 필요한 내용들 불러오기 -->
  	<select id="selectOne" parameterType="int" resultMap="viewResult">
  		select * from pmf_board where num=#{num}
  	</select>
  	
  	<!-- 파일 -->
  	<select id="selectFile" parameterType="int" resultType="com.hi.project.pmfFile.PmfFileDTO">
  		select * from pmf_files where num=#{num}
  	</select>
  	
  	<update id="hitUpdate" parameterType="int">
  		update pmf_board set hit=hit+1 where num=#{num}
  	</update>
  	<!-- 여기까지 -->
  	
  	
  	<insert id="insert" parameterType="PmfBoardDTO">
  		<selectKey keyProperty="num" resultType="int" order="BEFORE">
  			select pmf_board_seq.nextval from dual
  		</selectKey>
  		insert into pmf_board 
  		values(#{num},#{title},#{writer},sysdate,0,
  			   #{major_key},#{sub_key},#{works},#{project_name},#{start_date},#{end_date},#{project_detail},
  			   #{work_kind},#{education_level},#{career},#{payment_kind},#{payment_value},
  			   #{firm_info},#{addr},#{addr_detail},
  			   #{admin_id},#{admin_email},#{admin_phone},
  			   #{duration_kind},#{duration_end},#{document},#{temp})
  	</insert>
  	
  	<select id="getTotalCount" parameterType="RowNum" resultType="int">
  		select count(*) from pmf_board
  		<if test="kind == '전체'">
  		</if>
  		<if test="kind == '제목'">
  			where title like '%'||#{search}||'%'
  		</if>
  		<if test="kind == '프로젝트 유형'">
  			where major_key like '%'||#{search}||'%' or sub_key like '%'||#{search}||'%'
  		</if>
  	</select>
  	
  	<update id="update" parameterType="PmfBoardDTO">
  		update pmf_board set title=#{title}, reg_date=sysdate,
  		major_key=#{major_key}, sub_key=#{sub_key}, 
  		project_name=#{project_name}, start_date=#{start_date}, end_date=#{end_date}, project_detail=#{project_detail}, works=#{works},
		work_kind=#{work_kind}, education_level=#{education_level}, career=#{career}, payment_kind=#{payment_kind}, payment_value=#{payment_value},
		firm_info=#{firm_info}, addr=#{addr}, addr_detail=#{addr_detail},
		admin_id=#{admin_id}, admin_email=#{admin_email}, admin_phone=#{admin_phone},
		duration_kind=#{duration_kind}, duration_end=#{duration_end}, document=#{document}
		where num=#{num}
  	</update>
  	
  	<delete id="delete" parameterType="int">
  		delete pmf_board where num=#{num}
  	</delete>
  	
  	<select id="selectMajorKeys" resultType="java.lang.String">
  		select distinct(major_key) from pmf_key_value ORDER BY major_key
  	</select>
  	
  	<select id="selectSubKeys" parameterType="java.lang.String" resultType="java.lang.String">
  		select sub_key from pmf_key_value where major_key=#{major_key}  order by sub_key
  	</select>
  	
  	<select id="myBoard" parameterType="Map" resultType="PmfBoardDTO">
  		select * from
  		(select rownum R, N.* from
  		(select * from pmf_board where writer=#{writer} and temp=0 order by num desc) N)
  		where R between #{rownum.startRow} and #{rownum.lastRow}
  	</select>
  	
  	<select id="tempList" parameterType="Map" resultType="PmfBoardDTO">
  		select * from
  		(select rownum R, N.* from
  		(select * from pmf_board where writer=#{writer} and temp=1 order by num desc) N)
  		where R between #{rownum.startRow} and #{rownum.lastRow}
  	</select>
  	
  </mapper>