<?xml version="1.0" encoding="UTF-8"?>
<!DOCTYPE mapper
  PUBLIC "-//mybatis.org//DTD Mapper 3.0//EN"
  "http://mybatis.org/dtd/mybatis-3-mapper.dtd">
  <mapper namespace="pmfReplyMapper">
  	
  	<select id="selectList" parameterType="RowNum" resultType="PmfReplyDTO">
		select * from
		(select rownum r, RE.* from
		(select * from pmf_reply where num=#{num} order by ref desc, step asc) RE)
		where r between #{startRow} and #{lastRow}	
  	</select>
  	
  	<select id="selectOne" parameterType="int" resultType="PmfReplyDTO">
  		select * from pmf_reply where rnum=#{rnum}
  	</select>
  	
  	<insert id="insert" parameterType="PmfReplyDTO">
		<selectKey keyProperty="rnum" resultType="int" order="BEFORE">
			select pmf_reply_seq.nextval from dual
		</selectKey>
  		insert into pmf_reply values(#{rnum},#{num},#{writer},#{contents},sysdate,#{rnum},0,0,#{nickname})
  	</insert>
  	
  	<update id="update" parameterType="PmfReplyDTO">
  		update pmf_reply set contents=#{contents},reg_date=sysdate where rnum=#{rnum}
  	</update>
  	
  	<delete id="delete" parameterType="int">
  		delete pmf_reply where rnum=#{rnum}
  	</delete>
  	
  	<delete id="deleteAll" parameterType="int">
  		delete pmf_reply where num=#{num}
  	</delete>
  	
  	<update id="stepUpdate" parameterType="PmfReplyDTO" >
  		<![CDATA[
	  	update pmf_reply set step=step+1 where ref=#{ref} and step>#{step}
	  	]]>
	</update>
	  
	<insert id="reply" parameterType="PmfReplyDTO">
		insert into pmf_reply 
	  	values(pmf_reply_seq.nextval,#{num},#{writer},#{contents},sysdate,
	  	#{ref},#{step}+1,#{depth}+1)
	</insert>
	  
  </mapper>