<?xml version="1.0" encoding="UTF-8"?>

<!DOCTYPE mapper
  PUBLIC "-//mybatis.org//DTD Mapper 3.0//EN"
  "http://mybatis.org/dtd/mybatis-3-mapper.dtd">
  
  <mapper namespace="tradeSaveMapper">

	<delete id="delete" parameterType="Integer">
		delete SAVE_BOARD where save_num=#{save_num}
	</delete>

	<select id="getList" resultType="tradeSaveDTO">
		select * from SAVE_BOARD
	</select>
	
	<select id="selectList" resultType="tradeSaveDTO" parameterType="Map">
		select * from (select rowNum R,S.* from 
		(select * from SAVE_BOARD where writer=#{writer} order by save_num desc) S) 
		where R BETWEEN #{rownum.startRow} and #{rownum.lastRow}
	</select>
	
	<select id="selectOne" parameterType="Integer" resultType="tradeSaveDTO">
		select * from SAVE_BOARD where save_num=#{save_num}
	</select>
	
	<select id="getNum" resultType="Integer">
  		select save_board_seq.nextval from dual
  	</select>

	<select id="getWriters" parameterType="tradeSaveDTO" resultType="Integer">
		select count(WRITER) from SAVE_BOARD where writer=#{writer}
	</select>
	
	<select id="getCount" resultType="Integer" parameterType="java.lang.String">
		select nvl(count(save_num),0) from SAVE_BOARD where writer=#{writer}
	</select>
  	<insert id="insert" parameterType="tradeSaveDTO">
  		insert into SAVE_BOARD values(#{save_num},#{writer},#{title},#{contents},sysdate)
  	</insert>
  	
  	<update id="update" parameterType="tradeSaveDTO">
  		update SAVE_BOARD set title=#{title},contents=#{contents} where save_num=#{save_num}
  	</update>
  	
  </mapper>