<?xml version="1.0" encoding="UTF-8"?>
<!DOCTYPE mapper
  PUBLIC "-//mybatis.org//DTD Mapper 3.0//EN"
  "http://mybatis.org/dtd/mybatis-3-mapper.dtd">
  
  <mapper namespace="tradeMapper">
  
  	<sql id="search">
  		like '%'||#{search}||'%'
  	</sql>
  	
  	<insert id="insertAC" parameterType="tenderDTO">
  		insert into TENDER values(#{num},#{writer},#{name},#{corporate_phone},#{corporation},#{bidding_price})
  	</insert>
  
  	<select id="selectTender" parameterType="tenderDTO" resultType="tenderDTO">
  		select * from TENDER where num=#{num} and writer=#{writer}
  	</select>
  	
  	<update id="updateAC" parameterType="tenderDTO">
  		update TENDER set corporate_phone=#{corporate_phone},bidding_price=#{bidding_price} where num=#{num} and writer=#{writer}
  	</update>
  	
  	<update id="updatePrice" parameterType="tenderDTO">
  		update TRADE_BOARD set present_price=#{bidding_price} where num=#{num}
  	</update>
  	
  	<update id="close" parameterType="tradeBoardDTO">
  		update TRADE_BOARD set close=1 where num=#{num}
  	</update>
  	
  	<select id="getTagCount" resultType="Integer" parameterType="RowNum" >
  		 select COUNT(num) from (select DISTINCT TG.num from TAGS TG where TG.tag=#{search} and 
  		 REGEXP_LIKE(TG.tag,#{search},'i'))
  	</select>
  
  	<select id="selectTagSearch" parameterType="RowNum" resultType="tradeBoardDTO">
  		 select * from (select rowNum R,T.* from (select DISTINCT T.* from TRADE_BOARD T,TAGS TG where T.num=TG.num and 
  		 TG.tag=#{search} and REGEXP_LIKE(TG.tag,#{search},'i') order by T.num desc) T) where R BETWEEN #{startRow} and #{lastRow}
  	</select>
  
  	<select id="getCount" resultType="Integer" parameterType="RowNum">
  		select nvl(count(num),0) from TRADE_BOARD
  		<if test='kind == "Title"'>
  			where Title <include refid="search"></include>
  		</if>
  		
  		<if test='kind == "Corporation"'>
  			where Corporation <include refid="search"></include>
  		</if>
  	</select>
  
  	<insert id="insert" parameterType="tradeBoardDTO">
  		insert into TRADE_BOARD 
  		values(#{num},#{writer},#{title},#{contents},sysdate,#{closing_date},0,
  		#{corporate_phone},#{min_price},#{corporation},#{email},#{address},#{address_detail},#{min_price},0)
  	</insert>
  	
  	<select id="selectList" parameterType="RowNum" resultType="tradeBoardDTO">
  		select * from (select rowNum R,T.* from (select * from TRADE_BOARD 
  		<if test='kind == "Title"'>
  		 where Title
  		 <include refid="search"></include>
  		</if>
  		
  		<if test='kind == "Corporation"'>
  		 where Corporation
  		 <include refid="search"></include>
  		</if>
  		 order by num desc) T) 
  		 where R between #{startRow} and #{lastRow}
  	</select>
  
  	<select id="selectListTag" resultType="tradeTagDTO">
  		select * from TAGS order by tag_num asc
  	</select>
  
  	<select id="selectOne" parameterType="Integer" resultMap="tradeBoardResult">
  		select T.* from TRADE_BOARD T where num=#{num}
  	</select>
  	
  	<select id="selectTag" parameterType="Integer" resultType="tradeTagDTO">
  		select * from TAGS where num=#{num} order by tag_num asc
  	</select>
  	
  	<select id="selectFile" parameterType="Integer" resultType="tradeBoardFileDTO">
  		select * from BOARDFILE where num=#{num} order by fnum asc
  	</select>
  	
  	<select id="getNum" resultType="Integer">
  		select board_seq.nextval from dual
  	</select>
  	
  	<update id="update" parameterType="tradeBoardDTO">
  		update TRADE_BOARD set title=#{title},contents=#{contents},closing_date=#{closing_date},
  		corporate_phone=#{corporate_phone},min_price=#{min_price},corporation=#{corporation},email=#{email},
  		address=#{address},address_detail=#{address_detail} where num=#{num}
  	</update>
  	
  	<delete id="deleteAll" parameterType="Integer">
  		delete TRADE_BOARD where num=#{num}
  	</delete>
  	
  	<delete id="deleteTender" parameterType="Integer">
  		delete TENDER where num=#{num}
  	</delete>
  	
  	<resultMap type="tradeBoardDTO" id="tradeBoardResult">
  		<id property="num" column="num"/>
  		<collection property="tags" column="num" ofType="tradeTagDTO" select="selectTag">
  			<id property="tag_num" column="tag_num"/>
  		</collection>
  		<collection property="fileNames"  column="num" ofType="tradeBoardFileDTO" select="selectFile">
  			<id property="fnum" column="fnum"/>
  		</collection>
  	</resultMap>
  	
  	<!-- 윤경 추가 -->
  	<select id="myBoard" parameterType="Map" resultType="tradeBoardDTO">
  		select * from
  		(select rownum R, N.* from
  		(select * from TRADE_BOARD where writer=#{writer} order by num desc) N)
  		 where R between #{rownum.startRow} and #{rownum.lastRow}
  	</select>
  	
  </mapper>