<?xml version="1.0" encoding="UTF-8"?>
<!DOCTYPE mapper PUBLIC "-//mybatis.org//DTD Mapper 3.0//EN" "http://mybatis.org/dtd/mybatis-3-mapper.dtd">
<mapper namespace="usersMapper">
	
	<resultMap type="UsersDTO" id="usersResult">
		<id property="username" column="username"/>
		<collection property="filename" column="username" javaType="ProfileImgDTO" ofType="ProfileImgDTO" select="selectImg"></collection>	
	</resultMap>

	<insert id="join" parameterType="UsersDTO">
		insert into users values (#{username}, #{password}, #{nickname}, #{phone}, sysdate, sysdate)
	</insert>
	
	<select id="idCheck" parameterType="String" resultType="int">
		select count(*) from users where username=#{username}
	</select>
	
	<select id="login" parameterType="UsersDTO" resultMap="usersResult">
		select * from users where username=#{username} and password=#{password}
	</select>

	<!-- 윤경 추가 -->
	<select id="selectOne" parameterType="String" resultType="UsersDTO">
		select * from users where username=#{username}
	</select>

	<update id="update" parameterType="UsersDTO">
		update users set modify_date=sysdate, 
		password=#{password}, 
		nickname=#{nickname}, 
		phone=#{phone}
		where username=#{username}
	</update>
	
	<delete id="delete" parameterType="String">
		delete users where username=#{username}
	</delete>
	
	<!-- profile_img -->
	<select id="selectImg" parameterType="UsersDTO" resultType="ProfileImgDTO">
		select * from profile_img where username=#{username}
	</select>
	
	<insert id="insertImg" parameterType="profileImgDTO">
		insert into profile_img values (#{file_name}, #{original_name}, #{username})
	</insert>
	
	<select parameterType="java.lang.String" resultType="java.lang.String" id="nicknameCheck"> 
		select nickname from users where nickname=#{nickname} 
	</select>
	
</mapper>